-- phpMyAdmin SQL Dump
-- version 5.2.1
-- https://www.phpmyadmin.net/
--
-- Host: 127.0.0.1
-- Generation Time: Jun 15, 2026 at 05:41 AM
-- Server version: 10.4.32-MariaDB
-- PHP Version: 8.2.12

SET SQL_MODE = "NO_AUTO_VALUE_ON_ZERO";
START TRANSACTION;
SET time_zone = "+00:00";


/*!40101 SET @OLD_CHARACTER_SET_CLIENT=@@CHARACTER_SET_CLIENT */;
/*!40101 SET @OLD_CHARACTER_SET_RESULTS=@@CHARACTER_SET_RESULTS */;
/*!40101 SET @OLD_COLLATION_CONNECTION=@@COLLATION_CONNECTION */;
/*!40101 SET NAMES utf8mb4 */;

--
-- Database: `db_ipm_jatim`
--

-- --------------------------------------------------------

--
-- Table structure for table `admin`
--

CREATE TABLE `admin` (
  `id_admin` int(11) NOT NULL,
  `username` varchar(50) NOT NULL,
  `password` varchar(255) NOT NULL,
  `nama_lengkap` varchar(100) NOT NULL
) ENGINE=InnoDB DEFAULT CHARSET=utf8mb4 COLLATE=utf8mb4_general_ci;

--
-- Dumping data for table `admin`
--

INSERT INTO `admin` (`id_admin`, `username`, `password`, `nama_lengkap`) VALUES
(1, 'admin', 'scrypt:32768:8:1$leBfrcCamhGtAPkZ$ff0238cb1600a1b050f9aeec581ff28013cd03e128d519b112394920193ba1b7691dbff73dd23856d3e0ef58dff13033c99c187328ae955e3161e03904f5c783', 'Administrator');

-- --------------------------------------------------------

--
-- Table structure for table `hasil_prediksi_model`
--

CREATE TABLE `hasil_prediksi_model` (
  `id_uji` int(11) NOT NULL,
  `id_model` int(11) NOT NULL,
  `id_wilayah` int(11) NOT NULL,
  `ipm_aktual` float DEFAULT NULL,
  `ipm_prediksi` float DEFAULT NULL,
  `error_persen` float DEFAULT NULL,
  `kategori` enum('Sangat Tinggi','Tinggi','Sedang','Rendah') DEFAULT NULL
) ENGINE=InnoDB DEFAULT CHARSET=utf8mb4 COLLATE=utf8mb4_general_ci;

--
-- Dumping data for table `hasil_prediksi_model`
--

INSERT INTO `hasil_prediksi_model` (`id_uji`, `id_model`, `id_wilayah`, `ipm_aktual`, `ipm_prediksi`, `error_persen`, `kategori`) VALUES
(1, 1, 38, 84.69, 85.12, 0.51, 'Sangat Tinggi'),
(2, 1, 33, 84.51, 84.8, 0.34, 'Sangat Tinggi'),
(3, 1, 34, 84.68, 84.7, 0.02, 'Sangat Tinggi'),
(4, 1, 24, 82.67, 82.53, 0.17, 'Sangat Tinggi'),
(5, 1, 31, 81.44, 81.53, 0.11, 'Sangat Tinggi'),
(6, 1, 35, 81.76, 81.53, 0.28, 'Sangat Tinggi'),
(7, 1, 32, 81.88, 81.16, 0.88, 'Sangat Tinggi'),
(8, 1, 30, 79.69, 79.64, 0.06, 'Tinggi'),
(9, 1, 6, 78.93, 79.32, 0.49, 'Tinggi'),
(10, 1, 36, 78.9, 79.31, 0.52, 'Tinggi'),
(11, 1, 37, 77.79, 77.84, 0.06, 'Tinggi'),
(12, 1, 15, 76.69, 77.36, 0.87, 'Tinggi'),
(13, 1, 13, 76.77, 76.84, 0.09, 'Tinggi'),
(14, 1, 8, 75.67, 76.03, 0.48, 'Tinggi'),
(15, 1, 10, 75.9, 75.96, 0.08, 'Tinggi'),
(16, 1, 16, 75.24, 75.78, 0.72, 'Tinggi'),
(17, 1, 9, 75.18, 75.44, 0.35, 'Tinggi'),
(18, 1, 29, 75.13, 75.4, 0.36, 'Tinggi'),
(19, 1, 12, 74.81, 75.11, 0.4, 'Tinggi'),
(20, 1, 2, 74.3, 74.88, 0.78, 'Tinggi'),
(21, 1, 17, 73.91, 74.27, 0.49, 'Tinggi'),
(22, 1, 21, 73.7, 73.94, 0.33, 'Tinggi'),
(23, 1, 3, 73.44, 73.76, 0.44, 'Tinggi'),
(24, 1, 14, 73.53, 73.71, 0.24, 'Tinggi'),
(25, 1, 20, 72.36, 72.96, 0.83, 'Tinggi'),
(26, 1, 4, 72.75, 72.77, 0.03, 'Tinggi'),
(27, 1, 27, 72.47, 72.7, 0.32, 'Tinggi'),
(28, 1, 28, 72.31, 72.38, 0.1, 'Tinggi'),
(29, 1, 18, 71.49, 71.99, 0.7, 'Tinggi'),
(30, 1, 5, 71.22, 71.91, 0.97, 'Tinggi'),
(31, 1, 25, 71.22, 71.84, 0.87, 'Tinggi'),
(32, 1, 22, 70.85, 71.67, 1.16, 'Tinggi'),
(33, 1, 7, 70.93, 71.54, 0.86, 'Tinggi'),
(34, 1, 19, 70.85, 71.49, 0.9, 'Tinggi'),
(35, 1, 11, 70.31, 70.54, 0.33, 'Tinggi'),
(36, 1, 26, 69.78, 70.38, 0.86, 'Tinggi'),
(37, 1, 1, 67.33, 68.35, 1.51, 'Sedang'),
(38, 1, 23, 66.72, 67.53, 1.21, 'Sedang');

-- --------------------------------------------------------

--
-- Table structure for table `hasil_uji_simulasi`
--

CREATE TABLE `hasil_uji_simulasi` (
  `id_prediksi` int(11) NOT NULL,
  `id_model` int(11) DEFAULT NULL,
  `id_wilayah` int(11) DEFAULT NULL,
  `data_sequence` longtext NOT NULL COMMENT 'Menyimpan 12 indikator (4 variabel x 3 tahun) dalam format JSON',
  `tahun_prediksi` year(4) DEFAULT NULL,
  `nilai_prediksi` float DEFAULT NULL,
  `kategori_ipm` varchar(20) DEFAULT NULL,
  `tgl_simulasi` datetime DEFAULT NULL
) ENGINE=InnoDB DEFAULT CHARSET=utf8mb4 COLLATE=utf8mb4_general_ci;

--
-- Dumping data for table `hasil_uji_simulasi`
--

INSERT INTO `hasil_uji_simulasi` (`id_prediksi`, `id_model`, `id_wilayah`, `data_sequence`, `tahun_prediksi`, `nilai_prediksi`, `kategori_ipm`, `tgl_simulasi`) VALUES
(1, 1, 3, '[{\"tahun\": 2022, \"ahh\": 74.86, \"hls\": 12.64, \"rls\": 7.82, \"pengeluaran\": 11001}, {\"tahun\": 2023, \"ahh\": 75.12, \"hls\": 12.65, \"rls\": 7.83, \"pengeluaran\": 11499}, {\"tahun\": 2024, \"ahh\": 75.32, \"hls\": 12.67, \"rls\": 7.87, \"pengeluaran\": 12020}]', '2025', 73.5928, 'Tinggi', '2026-05-17 03:30:42'),
(3, 1, 18, '[{\"tahun\": 2022, \"ahh\": 74.35, \"hls\": 12.66, \"rls\": 7.82, \"pengeluaran\": 9184}, {\"tahun\": 2023, \"ahh\": 74.58, \"hls\": 12.68, \"rls\": 7.88, \"pengeluaran\": 9681}, {\"tahun\": 2024, \"ahh\": 74.74, \"hls\": 12.69, \"rls\": 7.9, \"pengeluaran\": 10099}]', '2025', 71.8654, 'Tinggi', '2026-05-17 07:29:04'),
(4, 1, 18, '[{\"tahun\": 2022, \"ahh\": 60.35, \"hls\": 10.62, \"rls\": 6.82, \"pengeluaran\": 8184}, {\"tahun\": 2023, \"ahh\": 65.58, \"hls\": 10.69, \"rls\": 6.88, \"pengeluaran\": 7681}, {\"tahun\": 2024, \"ahh\": 70.74, \"hls\": 10.69, \"rls\": 6.9, \"pengeluaran\": 10099}]', '2025', 63.1018, 'Sedang', '2026-05-21 02:16:32'),
(5, 1, 18, '[{\"tahun\": 2022, \"ahh\": 74.35, \"hls\": 12.66, \"rls\": 7.82, \"pengeluaran\": 9184}, {\"tahun\": 2023, \"ahh\": 74.58, \"hls\": 12.68, \"rls\": 7.88, \"pengeluaran\": 9681}, {\"tahun\": 2024, \"ahh\": 74.74, \"hls\": 12.69, \"rls\": 7.9, \"pengeluaran\": 10099}]', '2025', 71.8654, 'Tinggi', '2026-05-21 16:18:09');

-- --------------------------------------------------------

--
-- Table structure for table `indikator_historis`
--

CREATE TABLE `indikator_historis` (
  `id_indikator` int(11) NOT NULL,
  `id_wilayah` int(11) DEFAULT NULL,
  `tahun` year(4) DEFAULT NULL,
  `ahh` float DEFAULT NULL,
  `hls` float DEFAULT NULL,
  `rls` float DEFAULT NULL,
  `pengeluaran` decimal(15,2) DEFAULT NULL,
  `ipm_aktual` float DEFAULT NULL
) ENGINE=InnoDB DEFAULT CHARSET=utf8mb4 COLLATE=utf8mb4_general_ci;

--
-- Dumping data for table `indikator_historis`
--

INSERT INTO `indikator_historis` (`id_indikator`, `id_wilayah`, `tahun`, `ahh`, `hls`, `rls`, `pengeluaran`, `ipm_aktual`) VALUES
(1, 18, '2010', 70.42, 11.01, 6, 6774.96, 61.14),
(2, 21, '2010', 71.62, 12.1, 6.12, 7536.86, 64.13),
(3, 27, '2010', 72.32, 11.13, 6.32, 7583.88, 63.67),
(4, 29, '2010', 72.73, 11.75, 7.34, 8660.49, 67.28),
(5, 3, '2010', 72.31, 11.03, 6.43, 8423.44, 64.79),
(6, 9, '2010', 71.87, 11.37, 7.03, 8791.24, 66.24),
(7, 14, '2010', 71.62, 10.71, 6.34, 7979.88, 63.47),
(8, 11, '2010', 68.71, 10.49, 5.46, 7116.35, 59.62),
(9, 7, '2010', 67.44, 10.87, 5.49, 7380.45, 59.94),
(10, 2, '2010', 69.61, 11.04, 6.38, 9261.76, 64.54),
(11, 5, '2010', 64.94, 11.27, 4.97, 8064.31, 59.47),
(12, 25, '2010', 67.71, 11.5, 4.91, 7441.67, 60.07),
(13, 22, '2010', 65.35, 10.37, 5.11, 9004.01, 59.83),
(14, 20, '2010', 69.65, 10.45, 5.83, 7342.60, 60.79),
(15, 24, '2010', 73.42, 12.37, 9.22, 11717.16, 73.75),
(16, 15, '2010', 71.64, 11.69, 7.22, 10099.07, 68.14),
(17, 8, '2010', 71.18, 11.33, 7.26, 8787.83, 66.2),
(18, 16, '2010', 70.61, 10.84, 6.71, 9662.81, 65.6),
(19, 12, '2010', 69.38, 11.59, 6.13, 9415.93, 64.87),
(20, 13, '2010', 71.62, 12.4, 7.12, 8961.45, 67.58),
(21, 17, '2010', 71.01, 11.43, 5.82, 9003.45, 64.52),
(22, 4, '2010', 69.8, 11.14, 5.51, 8086.59, 62.19),
(23, 28, '2010', 70, 10.47, 5.58, 7897.68, 61.33),
(24, 10, '2010', 71.18, 11.79, 6.48, 8552.94, 65.4),
(25, 6, '2010', 72.15, 11.89, 7.93, 10490.66, 69.9),
(26, 1, '2010', 69.46, 10.16, 4.29, 6708.78, 57.23),
(27, 23, '2010', 67.35, 9.78, 3.14, 6952.48, 54.49),
(28, 19, '2010', 66.38, 12.34, 5.11, 6531.72, 59.37),
(29, 26, '2010', 69.72, 11.58, 4.2, 5745.99, 57.27),
(30, 32, '2010', 73.44, 12.72, 9.18, 9764.64, 72.2),
(31, 31, '2010', 72.59, 12.13, 9.47, 10756.25, 72.56),
(32, 34, '2010', 72.17, 13.41, 9.38, 14753.76, 76.69),
(33, 37, '2010', 69.35, 11.91, 8.17, 8894.09, 67.3),
(34, 36, '2010', 70.41, 11.86, 8.59, 10237.05, 69.69),
(35, 35, '2010', 72.27, 12.46, 9.79, 10371.48, 72.78),
(36, 33, '2010', 72.23, 12.42, 10.32, 13455.16, 75.98),
(37, 38, '2010', 73.76, 12.88, 9.76, 14473.18, 77.2),
(38, 30, '2010', 71.95, 12.6, 7.31, 9394.89, 68.66),
(39, 18, '2011', 70.51, 11.03, 6.1, 7232.03, 62.03),
(40, 21, '2011', 71.7, 12.33, 6.45, 7849.45, 65.28),
(41, 27, '2011', 72.38, 11.17, 6.36, 7935.66, 64.27),
(42, 29, '2011', 72.77, 11.84, 7.37, 8929.11, 67.76),
(43, 3, '2011', 72.36, 11.18, 6.52, 8726.01, 65.47),
(44, 9, '2011', 71.92, 11.54, 7.06, 9102.46, 66.84),
(45, 14, '2011', 71.67, 10.78, 6.35, 8300.34, 63.97),
(46, 11, '2011', 68.81, 10.71, 5.69, 7467.08, 60.72),
(47, 7, '2011', 67.54, 10.99, 5.53, 7732.07, 60.64),
(48, 2, '2011', 69.7, 11.22, 6.53, 9741.09, 65.48),
(49, 5, '2011', 65.08, 11.72, 4.97, 8418.39, 60.46),
(50, 25, '2011', 67.83, 11.54, 5.04, 7812.23, 60.82),
(51, 22, '2011', 65.47, 10.4, 5.13, 9358.52, 60.3),
(52, 20, '2011', 69.7, 10.59, 5.85, 7660.82, 61.43),
(53, 24, '2011', 73.42, 12.42, 9.5, 12094.93, 74.48),
(54, 15, '2011', 71.69, 11.75, 7.26, 10551.67, 68.71),
(55, 8, '2011', 71.22, 11.54, 7.28, 9111.84, 66.84),
(56, 16, '2011', 70.68, 11.15, 6.83, 10100.29, 66.58),
(57, 12, '2011', 69.49, 11.65, 6.43, 9994.91, 65.98),
(58, 13, '2011', 71.71, 12.42, 7.23, 9635.17, 68.52),
(59, 17, '2011', 71.1, 11.73, 6.19, 9387.83, 65.84),
(60, 4, '2011', 69.89, 11.43, 5.7, 8413.29, 63.22),
(61, 28, '2011', 70.07, 10.91, 5.61, 8331.81, 62.47),
(62, 10, '2011', 71.26, 11.88, 6.63, 8965.78, 66.21),
(63, 6, '2011', 72.16, 12.23, 8.26, 10926.01, 71.11),
(64, 1, '2011', 69.51, 10.56, 4.59, 7006.22, 58.63),
(65, 23, '2011', 67.4, 9.82, 3.2, 7336.64, 55.17),
(66, 19, '2011', 66.43, 12.52, 5.3, 6921.79, 60.42),
(67, 26, '2011', 69.81, 11.59, 4.21, 6523.80, 58.7),
(68, 32, '2011', 73.46, 12.9, 9.34, 10098.21, 72.93),
(69, 31, '2011', 72.63, 12.28, 9.51, 11071.19, 73.08),
(70, 34, '2011', 72.21, 13.71, 9.52, 15014.82, 77.36),
(71, 37, '2011', 69.41, 12.16, 8.17, 9387.13, 68.14),
(72, 36, '2011', 70.44, 11.94, 8.74, 10704.82, 70.41),
(73, 35, '2011', 72.3, 12.72, 9.83, 10762.44, 73.47),
(74, 33, '2011', 72.27, 12.44, 10.5, 13799.03, 76.48),
(75, 38, '2011', 73.78, 12.96, 9.85, 14777.32, 77.62),
(76, 30, '2011', 71.99, 12.64, 7.64, 9979.88, 69.76),
(77, 18, '2012', 70.61, 11.35, 6.21, 7495.95, 62.94),
(78, 21, '2012', 71.78, 12.56, 6.57, 8187.90, 66.16),
(79, 27, '2012', 72.44, 11.22, 6.55, 8248.72, 65.01),
(80, 29, '2012', 72.82, 11.93, 7.41, 9256.33, 68.29),
(81, 3, '2012', 72.42, 11.34, 6.59, 9076.40, 66.17),
(82, 9, '2012', 71.97, 11.57, 7.08, 9449.10, 67.29),
(83, 14, '2012', 71.72, 10.87, 6.51, 8633.50, 64.71),
(84, 11, '2012', 68.92, 10.71, 5.78, 7771.85, 61.31),
(85, 7, '2012', 67.65, 11.11, 5.58, 8069.50, 61.31),
(86, 2, '2012', 69.79, 11.25, 6.68, 10118.40, 66.12),
(87, 5, '2012', 65.22, 12.42, 5.31, 8855.86, 62.24),
(88, 25, '2012', 67.93, 12.2, 5.16, 8173.88, 62.23),
(89, 22, '2012', 65.58, 10.91, 5.16, 9721.20, 61.33),
(90, 20, '2012', 69.75, 10.73, 5.96, 8074.97, 62.31),
(91, 24, '2012', 73.43, 12.54, 9.7, 12456.69, 75.14),
(92, 15, '2012', 71.72, 11.81, 7.3, 10914.56, 69.17),
(93, 8, '2012', 71.28, 11.92, 7.37, 9493.01, 67.82),
(94, 16, '2012', 70.76, 11.77, 7, 10655.57, 68.07),
(95, 12, '2012', 69.59, 12.06, 6.74, 10428.85, 67.32),
(96, 13, '2012', 71.79, 12.54, 7.33, 10374.72, 69.56),
(97, 17, '2012', 71.19, 11.96, 6.23, 9905.35, 66.72),
(98, 4, '2012', 69.98, 11.74, 5.8, 8809.44, 64.2),
(99, 28, '2012', 70.15, 11.02, 5.82, 8705.73, 63.36),
(100, 10, '2012', 71.35, 12.34, 6.84, 9385.63, 67.51),
(101, 6, '2012', 72.18, 12.63, 8.41, 11359.96, 72.12),
(102, 1, '2012', 69.56, 10.67, 4.89, 7315.93, 59.65),
(103, 23, '2012', 67.43, 9.86, 3.27, 7691.64, 55.78),
(104, 19, '2012', 66.48, 12.7, 5.36, 7260.28, 61.21),
(105, 26, '2012', 69.9, 12.01, 4.48, 6834.00, 60.08),
(106, 32, '2012', 73.49, 13.09, 9.49, 10431.79, 73.66),
(107, 31, '2012', 72.66, 12.29, 9.52, 11533.93, 73.53),
(108, 34, '2012', 72.25, 14.01, 9.67, 15286.58, 78.04),
(109, 37, '2012', 69.46, 12.42, 8.17, 9863.55, 68.93),
(110, 36, '2012', 70.48, 12.87, 8.88, 11184.27, 72.01),
(111, 35, '2012', 72.33, 12.98, 9.87, 11191.20, 74.2),
(112, 33, '2012', 72.33, 12.56, 10.68, 14317.08, 77.21),
(113, 38, '2012', 73.8, 13.05, 9.95, 15104.14, 78.05),
(114, 30, '2012', 72.02, 12.67, 7.75, 10666.53, 70.62),
(115, 18, '2013', 70.7, 11.41, 6.32, 7625.93, 63.38),
(116, 21, '2013', 71.85, 12.8, 6.86, 8354.33, 67.03),
(117, 27, '2013', 72.49, 11.49, 6.74, 8388.62, 65.76),
(118, 29, '2013', 72.86, 12.58, 7.44, 9477.22, 69.3),
(119, 3, '2013', 72.47, 11.37, 6.67, 9217.46, 66.49),
(120, 9, '2013', 72.02, 11.85, 7.24, 9604.58, 68.01),
(121, 14, '2013', 71.76, 11.02, 6.59, 8788.49, 65.2),
(122, 11, '2013', 69.02, 10.94, 5.88, 7868.79, 61.87),
(123, 7, '2013', 67.75, 11.87, 5.62, 8198.14, 62.43),
(124, 2, '2013', 69.88, 11.39, 6.84, 10341.06, 66.74),
(125, 5, '2013', 65.36, 12.76, 5.48, 9138.26, 63.21),
(126, 25, '2013', 68.03, 12.9, 5.28, 8350.90, 63.43),
(127, 22, '2013', 65.69, 11.32, 5.61, 9847.45, 62.61),
(128, 20, '2013', 69.8, 11.63, 6.08, 8261.03, 63.74),
(129, 24, '2013', 73.43, 13.25, 10.03, 12601.80, 76.39),
(130, 15, '2013', 71.75, 11.86, 7.57, 11171.16, 69.84),
(131, 8, '2013', 71.34, 12.43, 7.4, 9677.98, 68.63),
(132, 16, '2013', 70.83, 12.34, 7.15, 10717.39, 68.98),
(133, 12, '2013', 69.7, 12.53, 6.74, 10624.84, 68.07),
(134, 13, '2013', 71.87, 12.57, 7.43, 10483.57, 69.86),
(135, 17, '2013', 71.28, 12.18, 6.27, 10104.62, 67.25),
(136, 4, '2013', 70.07, 12.04, 5.9, 8934.19, 64.85),
(137, 28, '2013', 70.22, 11.13, 6.14, 8871.88, 64.14),
(138, 10, '2013', 71.43, 13.22, 7.06, 9511.33, 68.9),
(139, 6, '2013', 72.19, 12.85, 8.41, 11479.66, 72.47),
(140, 1, '2013', 69.6, 10.96, 4.9, 7433.51, 60.19),
(141, 23, '2013', 67.46, 10.2, 3.34, 7769.25, 56.45),
(142, 19, '2013', 66.53, 13.05, 5.68, 7445.21, 62.27),
(143, 26, '2013', 69.98, 12.18, 4.58, 7092.74, 60.84),
(144, 32, '2013', 73.51, 13.27, 9.57, 10670.36, 74.18),
(145, 31, '2013', 72.69, 13.15, 9.53, 11641.24, 74.53),
(146, 34, '2013', 72.28, 14.16, 9.82, 15378.09, 78.44),
(147, 37, '2013', 69.5, 12.97, 8.42, 10089.50, 70.05),
(148, 36, '2013', 70.52, 13.29, 9.03, 11483.64, 72.89),
(149, 35, '2013', 72.37, 13.24, 9.91, 11625.22, 74.91),
(150, 33, '2013', 72.38, 13.33, 10.86, 14603.96, 78.41),
(151, 38, '2013', 73.83, 13.13, 10.05, 15487.63, 78.51),
(152, 30, '2013', 72.05, 12.71, 8.34, 10802.98, 71.55),
(153, 18, '2014', 70.75, 11.61, 6.43, 7655.87, 63.81),
(154, 21, '2014', 71.88, 13.04, 6.91, 8382.80, 67.4),
(155, 27, '2014', 72.51, 11.64, 6.87, 8416.61, 66.16),
(156, 29, '2014', 72.88, 12.72, 7.45, 9505.43, 69.49),
(157, 3, '2014', 72.5, 11.49, 6.82, 9244.88, 66.88),
(158, 9, '2014', 72.04, 12.01, 7.41, 9632.64, 68.44),
(159, 14, '2014', 71.78, 11.25, 6.66, 8816.54, 65.59),
(160, 11, '2014', 69.07, 11.12, 6.03, 7894.95, 62.33),
(161, 7, '2014', 67.8, 12, 5.63, 8226.66, 62.64),
(162, 2, '2014', 69.93, 11.81, 6.87, 10378.84, 67.31),
(163, 5, '2014', 65.43, 12.85, 5.52, 9176.22, 63.43),
(164, 25, '2014', 68.08, 12.97, 5.54, 8382.83, 63.91),
(165, 22, '2014', 65.75, 11.6, 5.64, 9876.57, 63.04),
(166, 20, '2014', 69.83, 11.78, 6.36, 8293.33, 64.35),
(167, 24, '2014', 73.43, 13.55, 10.09, 12632.01, 76.78),
(168, 15, '2014', 71.76, 11.97, 7.74, 11208.45, 70.22),
(169, 8, '2014', 71.37, 12.65, 7.52, 9708.86, 69.07),
(170, 16, '2014', 70.87, 12.65, 7.31, 10754.14, 69.59),
(171, 12, '2014', 69.76, 12.79, 6.89, 10667.45, 68.6),
(172, 13, '2014', 71.91, 12.77, 7.55, 10538.50, 70.29),
(173, 17, '2014', 71.33, 12.29, 6.52, 10143.30, 67.78),
(174, 4, '2014', 70.11, 12.08, 6.14, 8963.65, 65.27),
(175, 28, '2014', 70.25, 11.42, 6.18, 8906.12, 64.58),
(176, 10, '2014', 71.47, 13.41, 7.27, 9544.78, 69.42),
(177, 6, '2014', 72.2, 13.17, 8.42, 11513.82, 72.84),
(178, 1, '2014', 69.62, 11.17, 5.07, 7458.74, 60.71),
(179, 23, '2014', 67.48, 10.39, 3.49, 7797.85, 56.98),
(180, 19, '2014', 66.56, 13.32, 5.72, 7477.62, 62.66),
(181, 26, '2014', 70.02, 12.39, 4.77, 7143.08, 61.43),
(182, 32, '2014', 73.52, 13.52, 9.7, 10701.62, 74.62),
(183, 31, '2014', 72.7, 13.51, 9.81, 11671.59, 75.26),
(184, 34, '2014', 72.3, 14.47, 9.97, 15398.97, 78.96),
(185, 37, '2014', 69.52, 13.29, 8.44, 10181.78, 70.49),
(186, 36, '2014', 70.54, 13.53, 9.06, 11527.41, 73.23),
(187, 35, '2014', 72.39, 13.3, 9.91, 11689.21, 75.04),
(188, 33, '2014', 72.41, 13.64, 10.9, 14643.42, 78.81),
(189, 38, '2014', 73.85, 13.44, 10.07, 15492.16, 78.87),
(190, 30, '2014', 72.06, 12.9, 8.41, 10853.23, 71.89),
(191, 18, '2015', 71.05, 11.94, 6.88, 7685.94, 64.92),
(192, 21, '2015', 72.08, 13.29, 6.96, 8654.40, 68.16),
(193, 27, '2015', 72.91, 12.08, 7.18, 8444.70, 67.25),
(194, 29, '2015', 73.28, 12.73, 7.72, 9533.72, 70.07),
(195, 3, '2015', 72.8, 11.98, 7.24, 9272.39, 68.13),
(196, 9, '2015', 72.14, 12.15, 7.41, 9883.09, 68.91),
(197, 14, '2015', 71.98, 11.98, 6.73, 8844.68, 66.63),
(198, 11, '2015', 69.27, 11.61, 6.04, 7921.21, 63.02),
(199, 7, '2015', 68.2, 12.01, 5.76, 8255.28, 63.04),
(200, 2, '2015', 70.03, 12.2, 6.88, 10691.79, 68.08),
(201, 5, '2015', 65.73, 12.86, 5.53, 9518.93, 63.95),
(202, 25, '2015', 68.28, 12.98, 5.67, 8676.63, 64.53),
(203, 22, '2015', 66.15, 12.04, 5.66, 9976.33, 63.83),
(204, 20, '2015', 69.83, 11.8, 6.5, 8706.84, 65.04),
(205, 24, '2015', 73.63, 13.89, 10.1, 12878.57, 77.43),
(206, 15, '2015', 71.96, 12.18, 7.75, 11559.50, 70.85),
(207, 8, '2015', 71.67, 12.68, 7.59, 9963.25, 69.59),
(208, 16, '2015', 70.97, 12.68, 7.33, 10994.82, 69.9),
(209, 12, '2015', 70.36, 13.1, 6.99, 10710.22, 69.39),
(210, 13, '2015', 72.01, 13.6, 7.65, 10593.73, 71.39),
(211, 17, '2015', 71.53, 12.31, 6.53, 10583.86, 68.32),
(212, 4, '2015', 70.51, 12.09, 6.64, 8993.21, 66.17),
(213, 28, '2015', 70.55, 12.07, 6.2, 8940.49, 65.52),
(214, 10, '2015', 71.67, 13.43, 7.28, 9821.50, 69.84),
(215, 6, '2015', 72.3, 13.19, 8.93, 11548.08, 73.57),
(216, 1, '2015', 69.72, 11.55, 5.08, 7667.19, 61.49),
(217, 23, '2015', 67.58, 11.09, 3.65, 7826.56, 58.18),
(218, 19, '2015', 66.86, 13.34, 5.73, 7678.96, 63.1),
(219, 26, '2015', 70.42, 12.41, 4.89, 7577.27, 62.38),
(220, 32, '2015', 73.62, 14.3, 9.88, 10732.97, 75.67),
(221, 31, '2015', 73, 13.53, 9.87, 12258.15, 76),
(222, 34, '2015', 72.6, 15.23, 10.13, 15419.88, 80.05),
(223, 37, '2015', 69.72, 13.32, 8.46, 10557.66, 71.01),
(224, 36, '2015', 70.84, 13.56, 9.07, 11962.52, 73.78),
(225, 35, '2015', 72.69, 13.33, 9.92, 12060.50, 75.54),
(226, 33, '2015', 72.41, 14.06, 11.08, 14723.00, 79.48),
(227, 38, '2015', 73.85, 13.52, 10.24, 15991.04, 79.47),
(228, 30, '2015', 72.16, 13.16, 8.44, 11274.41, 72.62),
(229, 18, '2016', 71.18, 12.19, 6.89, 8048.00, 65.74),
(230, 21, '2016', 72.18, 13.69, 6.97, 8908.00, 68.93),
(231, 27, '2016', 73.03, 12.09, 7.19, 8829.00, 67.78),
(232, 29, '2016', 73.4, 13.03, 7.73, 9881.00, 70.82),
(233, 3, '2016', 72.89, 12.42, 7.25, 9467.00, 68.88),
(234, 9, '2016', 72.2, 12.57, 7.58, 10140.00, 69.87),
(235, 14, '2016', 72.05, 12.28, 6.98, 9018.00, 67.51),
(236, 11, '2016', 69.38, 11.77, 6.05, 8311.00, 63.74),
(237, 7, '2016', 68.37, 12.31, 6.05, 8409.00, 64.01),
(238, 2, '2016', 70.11, 12.55, 6.93, 11171.00, 69),
(239, 5, '2016', 65.89, 12.87, 5.54, 10007.00, 64.52),
(240, 25, '2016', 68.41, 12.99, 5.68, 9106.00, 65.08),
(241, 22, '2016', 66.31, 12.05, 5.67, 10170.00, 64.12),
(242, 20, '2016', 69.86, 11.81, 6.58, 9198.00, 65.71),
(243, 24, '2016', 73.67, 14.13, 10.22, 13320.00, 78.17),
(244, 15, '2016', 72.03, 12.44, 7.76, 11798.00, 71.38),
(245, 8, '2016', 71.77, 12.69, 7.68, 10237.00, 70.03),
(246, 16, '2016', 71.04, 12.82, 7.34, 11451.00, 70.5),
(247, 12, '2016', 70.55, 13.11, 7, 10904.00, 69.67),
(248, 13, '2016', 72.09, 13.71, 7.66, 10988.00, 71.94),
(249, 17, '2016', 71.63, 12.65, 6.54, 10810.00, 68.96),
(250, 4, '2016', 70.67, 12.11, 6.65, 9420.00, 66.73),
(251, 28, '2016', 70.67, 12.17, 6.25, 9353.00, 66.19),
(252, 10, '2016', 71.77, 13.44, 7.29, 10252.00, 70.34),
(253, 6, '2016', 72.33, 13.69, 8.94, 11961.00, 74.46),
(254, 1, '2016', 69.77, 11.56, 5.13, 8030.00, 62.06),
(255, 23, '2016', 67.62, 11.37, 3.79, 8096.00, 59.09),
(256, 19, '2016', 66.95, 13.35, 6.08, 7975.00, 63.98),
(257, 26, '2016', 70.56, 12.73, 5.08, 7846.00, 63.42),
(258, 32, '2016', 73.65, 14.61, 9.89, 11070.00, 76.33),
(259, 31, '2016', 73.09, 14, 9.88, 12499.00, 76.71),
(260, 34, '2016', 72.68, 15.38, 10.14, 15732.00, 80.46),
(261, 37, '2016', 69.79, 13.54, 8.47, 10792.00, 71.5),
(262, 36, '2016', 70.93, 13.57, 9.08, 12295.00, 74.11),
(263, 35, '2016', 72.78, 13.8, 9.93, 12449.00, 76.38),
(264, 33, '2016', 72.44, 14.19, 11.09, 15300.00, 80.01),
(265, 38, '2016', 73.87, 13.99, 10.44, 16295.00, 80.38),
(266, 30, '2016', 72.2, 13.62, 8.45, 11772.00, 73.57),
(267, 18, '2017', 71.31, 12.41, 7.02, 8288.00, 66.51),
(268, 21, '2017', 72.27, 13.7, 7.01, 9107.00, 69.26),
(269, 27, '2017', 73.15, 12.1, 7.2, 9034.00, 68.1),
(270, 29, '2017', 73.53, 13.04, 7.82, 10114.00, 71.24),
(271, 3, '2017', 72.99, 12.43, 7.26, 9828.00, 69.33),
(272, 9, '2017', 72.25, 12.86, 7.65, 10326.00, 70.47),
(273, 14, '2017', 72.12, 12.56, 7.17, 9356.00, 68.47),
(274, 11, '2017', 69.5, 11.78, 6.2, 8503.00, 64.23),
(275, 7, '2017', 68.54, 12.79, 6.06, 8698.00, 64.96),
(276, 2, '2017', 70.19, 12.68, 7.11, 11438.00, 69.64),
(277, 5, '2017', 66.04, 12.94, 5.55, 10086.00, 64.75),
(278, 25, '2017', 68.53, 13, 6.03, 9178.00, 65.68),
(279, 22, '2017', 66.47, 12.06, 5.68, 10239.00, 64.28),
(280, 20, '2017', 69.9, 12.05, 6.82, 9556.00, 66.69),
(281, 24, '2017', 73.71, 14.34, 10.23, 13710.00, 78.7),
(282, 15, '2017', 72.1, 12.52, 8.15, 12240.00, 72.36),
(283, 8, '2017', 71.87, 12.7, 8.06, 10560.00, 70.88),
(284, 16, '2017', 71.11, 12.83, 7.38, 11560.00, 70.69),
(285, 12, '2017', 70.77, 13.12, 7.3, 11012.00, 70.27),
(286, 13, '2017', 72.16, 13.72, 7.94, 11288.00, 72.6),
(287, 17, '2017', 71.74, 12.67, 6.66, 10899.00, 69.27),
(288, 4, '2017', 70.83, 12.34, 6.71, 9553.00, 67.28),
(289, 28, '2017', 70.8, 12.18, 6.48, 9540.00, 66.77),
(290, 10, '2017', 71.87, 13.45, 7.54, 10664.00, 71.11),
(291, 6, '2017', 72.36, 13.7, 8.95, 12375.00, 74.84),
(292, 1, '2017', 69.82, 11.57, 5.14, 8192.00, 62.3),
(293, 23, '2017', 67.67, 11.38, 4.12, 8352.00, 59.9),
(294, 19, '2017', 67.05, 13.61, 6.25, 8311.00, 64.93),
(295, 26, '2017', 70.71, 12.74, 5.22, 8316.00, 64.28),
(296, 32, '2017', 73.69, 14.95, 9.9, 11550.00, 77.13),
(297, 31, '2017', 73.17, 14.01, 9.89, 12910.00, 77.1),
(298, 34, '2017', 72.77, 15.39, 10.15, 15939.00, 80.65),
(299, 37, '2017', 69.86, 13.55, 8.48, 11390.00, 72.09),
(300, 36, '2017', 71.02, 13.58, 9.09, 12557.00, 74.39),
(301, 35, '2017', 72.86, 13.81, 9.98, 12804.00, 76.77),
(302, 33, '2017', 72.48, 14.2, 11.1, 15415.00, 80.13),
(303, 38, '2017', 73.88, 14.41, 10.45, 16726.00, 81.07),
(304, 30, '2017', 72.25, 14.03, 8.46, 12057.00, 74.26),
(305, 18, '2018', 71.52, 12.61, 7.19, 8527.00, 67.33),
(306, 21, '2018', 72.43, 13.71, 7.17, 9426.00, 69.91),
(307, 27, '2018', 73.35, 12.12, 7.27, 9400.00, 68.71),
(308, 29, '2018', 73.74, 13.05, 8.06, 10455.00, 71.99),
(309, 3, '2018', 73.16, 12.44, 7.27, 10327.00, 69.93),
(310, 9, '2018', 72.37, 12.87, 7.68, 10853.00, 71.07),
(311, 14, '2018', 72.26, 12.87, 7.18, 9844.00, 69.4),
(312, 11, '2018', 69.7, 11.79, 6.21, 8931.00, 64.83),
(313, 7, '2018', 68.74, 13.21, 6.07, 9090.00, 65.96),
(314, 2, '2018', 70.34, 12.69, 7.12, 11828.00, 70.06),
(315, 5, '2018', 66.27, 12.95, 5.62, 10429.00, 65.27),
(316, 25, '2018', 68.73, 13.01, 6.11, 9692.00, 66.42),
(317, 22, '2018', 66.71, 12.07, 5.71, 10700.00, 64.85),
(318, 20, '2018', 70.01, 12.3, 6.83, 9933.00, 67.41),
(319, 24, '2018', 73.82, 14.75, 10.24, 14168.00, 79.5),
(320, 15, '2018', 72.24, 12.53, 8.18, 12454.00, 72.64),
(321, 8, '2018', 72.04, 12.99, 8.21, 10999.00, 71.86),
(322, 16, '2018', 71.25, 12.84, 7.61, 11768.00, 71.23),
(323, 12, '2018', 70.97, 13.13, 7.57, 11351.00, 71.01),
(324, 13, '2018', 72.3, 13.73, 7.95, 11539.00, 72.91),
(325, 17, '2018', 71.92, 12.68, 6.88, 11187.00, 69.91),
(326, 4, '2018', 71.07, 12.35, 6.77, 9926.00, 67.85),
(327, 28, '2018', 71.01, 12.19, 6.52, 10048.00, 67.43),
(328, 10, '2018', 72.04, 13.46, 7.83, 11108.00, 71.97),
(329, 6, '2018', 72.46, 13.71, 8.96, 12845.00, 75.28),
(330, 1, '2018', 69.94, 11.58, 5.33, 8393.00, 62.87),
(331, 23, '2018', 67.79, 11.76, 4.36, 8569.00, 61),
(332, 19, '2018', 67.22, 13.62, 6.35, 8536.00, 65.41),
(333, 26, '2018', 70.94, 13.07, 5.23, 8722.00, 65.25),
(334, 32, '2018', 73.8, 14.96, 9.91, 11976.00, 77.58),
(335, 31, '2018', 73.36, 14.02, 9.9, 13391.00, 77.58),
(336, 34, '2018', 72.93, 15.4, 10.16, 16158.00, 80.89),
(337, 37, '2018', 70, 13.56, 8.49, 11796.00, 72.53),
(338, 36, '2018', 71.18, 13.59, 9.1, 12931.00, 74.78),
(339, 35, '2018', 73.01, 13.82, 9.99, 13155.00, 77.14),
(340, 33, '2018', 72.59, 14.21, 11.11, 15616.00, 80.33),
(341, 38, '2018', 73.98, 14.78, 10.46, 17157.00, 81.74),
(342, 30, '2018', 72.37, 14.04, 8.77, 12466.00, 75.04),
(343, 18, '2019', 71.77, 12.62, 7.28, 9033.00, 68.16),
(344, 21, '2019', 72.65, 13.72, 7.21, 9883.00, 70.56),
(345, 27, '2019', 73.59, 12.25, 7.28, 9865.00, 69.46),
(346, 29, '2019', 73.95, 13.15, 8.07, 10891.00, 72.62),
(347, 3, '2019', 73.39, 12.45, 7.29, 10861.00, 70.57),
(348, 9, '2019', 72.54, 12.88, 8.01, 11146.00, 71.85),
(349, 14, '2019', 72.45, 13.17, 7.27, 10270.00, 70.35),
(350, 11, '2019', 69.94, 11.8, 6.22, 9274.00, 65.33),
(351, 7, '2019', 68.99, 13.22, 6.18, 9525.00, 66.69),
(352, 2, '2019', 70.54, 12.78, 7.13, 12264.00, 70.6),
(353, 5, '2019', 66.55, 13.27, 5.71, 10665.00, 66.09),
(354, 25, '2019', 68.97, 13.14, 6.12, 10097.00, 67.09),
(355, 22, '2019', 67, 12.34, 5.77, 10972.00, 65.6),
(356, 20, '2019', 70.17, 12.31, 7.11, 10381.00, 68.29),
(357, 24, '2019', 73.98, 14.91, 10.25, 14609.00, 80.05),
(358, 15, '2019', 72.43, 12.61, 8.49, 12860.00, 73.53),
(359, 8, '2019', 72.27, 13, 8.53, 11533.00, 72.85),
(360, 16, '2019', 71.44, 12.85, 7.63, 12200.00, 71.71),
(361, 12, '2019', 71.22, 13.14, 7.8, 11650.00, 71.69),
(362, 13, '2019', 72.49, 14, 7.96, 11779.00, 73.49),
(363, 17, '2019', 72.16, 12.69, 6.98, 11468.00, 70.41),
(364, 4, '2019', 71.36, 12.36, 7.09, 10265.00, 68.75),
(365, 28, '2019', 71.26, 12.2, 6.81, 10499.00, 68.37),
(366, 10, '2019', 72.27, 13.47, 7.89, 11572.00, 72.57),
(367, 6, '2019', 72.61, 13.72, 9.29, 13295.00, 76.1),
(368, 1, '2019', 70.11, 11.59, 5.66, 8718.00, 63.79),
(369, 23, '2019', 67.96, 12.08, 4.55, 8760.00, 61.94),
(370, 19, '2019', 67.45, 13.63, 6.4, 8834.00, 65.94),
(371, 26, '2019', 71.22, 13.19, 5.46, 9082.00, 66.22),
(372, 32, '2019', 73.96, 14.97, 9.92, 12440.00, 78.08),
(373, 31, '2019', 73.6, 14.31, 10.1, 13851.00, 78.56),
(374, 34, '2019', 73.15, 15.41, 10.17, 16666.00, 81.32),
(375, 37, '2019', 70.19, 13.57, 8.69, 12280.00, 73.27),
(376, 36, '2019', 71.4, 13.6, 9.11, 13393.00, 75.25),
(377, 35, '2019', 73.21, 13.83, 10.24, 13710.00, 77.96),
(378, 33, '2019', 72.75, 14.39, 11.13, 16040.00, 80.88),
(379, 38, '2019', 74.13, 14.79, 10.47, 17854.00, 82.22),
(380, 30, '2019', 72.54, 14.12, 9.06, 12870.00, 75.88),
(381, 18, '2020', 74.01, 12.64, 7.6, 8796.00, 69.28),
(382, 21, '2020', 74.49, 13.73, 7.54, 9670.00, 71.57),
(383, 27, '2020', 74.58, 12.35, 7.55, 9630.00, 70.1),
(384, 29, '2020', 74.41, 13.31, 8.33, 10705.00, 73.15),
(385, 3, '2020', 74.54, 12.46, 7.39, 10654.00, 71.02),
(386, 9, '2020', 74.27, 13.15, 8.02, 11000.00, 72.8),
(387, 14, '2020', 74.56, 13.18, 7.42, 10028.00, 71.24),
(388, 11, '2020', 73.83, 11.81, 6.4, 9088.00, 67.04),
(389, 7, '2020', 73.44, 13.42, 6.48, 9294.00, 69.01),
(390, 2, '2020', 73.35, 12.8, 7.16, 12140.00, 71.85),
(391, 5, '2020', 72.61, 13.28, 5.93, 10610.00, 69.1),
(392, 25, '2020', 72.64, 13.15, 6.46, 9857.00, 68.94),
(393, 22, '2020', 73.22, 12.35, 6.11, 10859.00, 68.77),
(394, 20, '2020', 73.83, 12.41, 7.4, 10164.00, 70.2),
(395, 24, '2020', 74.78, 14.93, 10.5, 14458.00, 80.65),
(396, 15, '2020', 74.16, 12.88, 8.51, 12779.00, 74.58),
(397, 8, '2020', 73.85, 13.27, 8.54, 11261.00, 73.63),
(398, 16, '2020', 73.85, 12.86, 7.64, 12130.00, 72.78),
(399, 12, '2020', 74.01, 13.16, 7.81, 11574.00, 72.94),
(400, 13, '2020', 74.61, 14.03, 8.24, 11776.00, 74.85),
(401, 17, '2020', 74.43, 12.7, 7.06, 11418.00, 71.49),
(402, 4, '2020', 74.14, 12.39, 7.33, 10121.00, 70.18),
(403, 28, '2020', 74.19, 12.21, 6.95, 10238.00, 69.6),
(404, 10, '2020', 74.28, 13.48, 7.92, 11456.00, 73.44),
(405, 6, '2020', 73.66, 13.73, 9.3, 13246.00, 76.59),
(406, 1, '2020', 72.71, 11.6, 5.95, 8610.00, 65.17),
(407, 23, '2020', 72.91, 12.37, 4.85, 8739.00, 64.75),
(408, 19, '2020', 72.93, 13.64, 6.69, 8739.00, 68.65),
(409, 26, '2020', 73.11, 13.2, 5.71, 8888.00, 67.15),
(410, 32, '2020', 75.16, 15.26, 9.93, 12239.00, 78.78),
(411, 31, '2020', 74.39, 14.32, 10.11, 13733.00, 78.88),
(412, 34, '2020', 74.74, 15.51, 10.18, 16593.00, 82.19),
(413, 37, '2020', 73.52, 13.59, 8.7, 12180.00, 74.81),
(414, 36, '2020', 74.06, 13.62, 9.12, 13281.00, 76.47),
(415, 35, '2020', 75.22, 14, 10.25, 13499.00, 78.95),
(416, 33, '2020', 74.82, 14.4, 11.14, 16018.00, 81.93),
(417, 38, '2020', 75.24, 14.8, 10.49, 17755.00, 82.76),
(418, 30, '2020', 74.56, 14.13, 9.07, 12824.00, 76.82),
(419, 18, '2021', 74.09, 12.65, 7.61, 8887.00, 69.45),
(420, 21, '2021', 74.55, 13.74, 7.55, 9851.00, 71.81),
(421, 27, '2021', 74.65, 12.47, 7.56, 9743.00, 70.4),
(422, 29, '2021', 74.47, 13.32, 8.34, 10807.00, 73.29),
(423, 3, '2021', 74.6, 12.63, 7.5, 10757.00, 71.48),
(424, 9, '2021', 74.3, 13.44, 8.08, 11127.00, 73.31),
(425, 14, '2021', 74.61, 13.24, 7.43, 10163.00, 71.48),
(426, 11, '2021', 73.9, 11.88, 6.67, 9203.00, 67.65),
(427, 7, '2021', 73.53, 13.43, 6.49, 9410.00, 69.2),
(428, 2, '2021', 73.41, 13.1, 7.42, 12217.00, 72.62),
(429, 5, '2021', 72.71, 13.29, 5.94, 10690.00, 69.24),
(430, 25, '2021', 72.72, 13.16, 6.62, 9996.00, 69.34),
(431, 22, '2021', 73.32, 12.36, 6.12, 10969.00, 68.94),
(432, 20, '2021', 73.85, 12.58, 7.41, 10297.00, 70.54),
(433, 24, '2021', 74.8, 14.94, 10.72, 14578.00, 81.01),
(434, 15, '2021', 74.21, 12.95, 8.64, 12844.00, 74.9),
(435, 8, '2021', 73.91, 13.57, 8.55, 11394.00, 74.1),
(436, 16, '2021', 73.9, 12.87, 7.78, 12172.00, 73.03),
(437, 12, '2021', 74.09, 13.17, 7.82, 11658.00, 73.07),
(438, 13, '2021', 74.66, 14.04, 8.36, 11833.00, 75.08),
(439, 17, '2021', 74.5, 12.83, 7.26, 11459.00, 71.97),
(440, 4, '2021', 74.23, 12.68, 7.38, 10221.00, 70.7),
(441, 28, '2021', 74.27, 12.22, 7.18, 10380.00, 70.1),
(442, 10, '2021', 74.34, 13.77, 8.04, 11510.00, 73.97),
(443, 6, '2021', 73.67, 13.77, 9.56, 13280.00, 76.98),
(444, 1, '2021', 72.75, 11.73, 5.96, 8673.00, 65.42),
(445, 23, '2021', 72.95, 12.38, 4.86, 8790.00, 64.86),
(446, 19, '2021', 73, 13.65, 6.7, 8804.00, 68.78),
(447, 26, '2021', 73.19, 13.33, 5.92, 9000.00, 67.74),
(448, 32, '2021', 75.18, 15.27, 10.15, 12359.00, 79.15),
(449, 31, '2021', 74.46, 14.33, 10.35, 13816.00, 79.27),
(450, 34, '2021', 74.8, 15.75, 10.41, 16663.00, 82.77),
(451, 37, '2021', 73.57, 13.6, 8.95, 12245.00, 75.2),
(452, 36, '2021', 74.12, 13.63, 9.33, 13354.00, 76.83),
(453, 35, '2021', 75.27, 14.01, 10.47, 13610.00, 79.34),
(454, 33, '2021', 74.84, 14.41, 11.37, 16095.00, 82.27),
(455, 38, '2021', 75.43, 14.81, 10.5, 17862.00, 82.94),
(456, 30, '2021', 74.59, 14.16, 9.31, 12887.00, 77.21),
(457, 18, '2022', 74.35, 12.66, 7.82, 9184.00, 70.19),
(458, 21, '2022', 74.81, 13.76, 7.77, 10199.00, 72.59),
(459, 27, '2022', 74.91, 12.5, 7.89, 10042.00, 71.28),
(460, 29, '2022', 74.73, 13.33, 8.65, 11162.00, 74.14),
(461, 3, '2022', 74.86, 12.64, 7.82, 11001.00, 72.25),
(462, 9, '2022', 74.58, 13.61, 8.23, 11565.00, 74.2),
(463, 14, '2022', 74.88, 13.38, 7.68, 10326.00, 72.23),
(464, 11, '2022', 74.17, 12.02, 6.87, 9466.00, 68.48),
(465, 7, '2022', 73.79, 13.44, 6.5, 9840.00, 69.8),
(466, 2, '2022', 73.67, 13.11, 7.66, 12320.00, 73.15),
(467, 5, '2022', 72.98, 13.31, 6.22, 10851.00, 69.91),
(468, 25, '2022', 72.99, 13.18, 6.63, 10263.00, 69.76),
(469, 22, '2022', 73.58, 12.58, 6.13, 11254.00, 69.56),
(470, 20, '2022', 74.15, 12.76, 7.42, 10726.00, 71.29),
(471, 24, '2022', 75.06, 14.95, 10.77, 14808.00, 81.37),
(472, 15, '2022', 74.48, 12.96, 8.97, 13051.00, 75.61),
(473, 8, '2022', 74.17, 13.58, 8.76, 11579.00, 74.66),
(474, 16, '2022', 74.17, 13.07, 8.12, 12349.00, 73.95),
(475, 12, '2022', 74.34, 13.18, 7.94, 11848.00, 73.51),
(476, 13, '2022', 74.92, 14.05, 8.66, 12031.00, 75.76),
(477, 17, '2022', 74.76, 12.84, 7.59, 11563.00, 72.62),
(478, 4, '2022', 74.48, 12.84, 7.43, 10323.00, 71.15),
(479, 28, '2022', 74.53, 12.24, 7.37, 10703.00, 70.79),
(480, 10, '2022', 74.6, 14.01, 8.33, 11648.00, 74.83),
(481, 6, '2022', 73.96, 13.96, 9.75, 13384.00, 77.62),
(482, 1, '2022', 73.05, 11.91, 5.97, 8971.00, 66.11),
(483, 23, '2022', 73.24, 12.39, 5.06, 8944.00, 65.44),
(484, 19, '2022', 73.28, 13.67, 6.88, 8967.00, 69.35),
(485, 26, '2022', 73.43, 13.51, 5.93, 9388.00, 68.49),
(486, 32, '2022', 75.44, 15.44, 10.45, 12762.00, 80.12),
(487, 31, '2022', 74.71, 14.56, 10.65, 14058.00, 80.15),
(488, 34, '2022', 75.06, 15.76, 10.69, 16897.00, 83.38),
(489, 37, '2022', 73.84, 13.67, 9.29, 12571.00, 76.08),
(490, 36, '2022', 74.38, 13.64, 9.67, 13803.00, 77.71),
(491, 35, '2022', 75.53, 14.02, 10.8, 14054.00, 80.19),
(492, 33, '2022', 75.11, 14.43, 11.67, 16503.00, 83.02),
(493, 38, '2022', 75.62, 14.83, 10.51, 18345.00, 83.32),
(494, 30, '2022', 74.86, 14.4, 9.63, 13094.00, 78.13),
(495, 18, '2023', 74.58, 12.68, 7.88, 9681.00, 70.94),
(496, 21, '2023', 75.07, 13.77, 7.78, 10658.00, 73.18),
(497, 27, '2023', 75.16, 12.62, 7.9, 10465.00, 71.96),
(498, 29, '2023', 74.99, 13.34, 8.66, 11565.00, 74.65),
(499, 3, '2023', 75.12, 12.65, 7.83, 11499.00, 72.84),
(500, 9, '2023', 74.85, 13.62, 8.24, 11952.00, 74.68),
(501, 14, '2023', 75.14, 13.48, 7.75, 10791.00, 73),
(502, 11, '2023', 74.41, 12.16, 7.14, 9720.00, 69.37),
(503, 7, '2023', 74.02, 13.49, 6.52, 10277.00, 70.42),
(504, 2, '2023', 73.93, 13.12, 7.76, 12820.00, 73.79),
(505, 5, '2023', 73.19, 13.32, 6.36, 11255.00, 70.56),
(506, 25, '2023', 73.22, 13.19, 6.9, 10702.00, 70.65),
(507, 22, '2023', 73.8, 12.63, 6.29, 11756.00, 70.36),
(508, 20, '2023', 74.41, 12.77, 7.44, 11239.00, 71.91),
(509, 24, '2023', 75.36, 14.97, 10.78, 15311.00, 81.88),
(510, 15, '2023', 74.74, 12.97, 9.11, 13467.00, 76.23),
(511, 8, '2023', 74.43, 13.59, 8.77, 11999.00, 75.16),
(512, 16, '2023', 74.43, 13.17, 8.24, 12821.00, 74.7),
(513, 12, '2023', 74.59, 13.23, 7.95, 12259.00, 74.02),
(514, 13, '2023', 75.19, 14.07, 8.67, 12495.00, 76.3),
(515, 17, '2023', 75.01, 12.85, 7.78, 11897.00, 73.28),
(516, 4, '2023', 74.72, 12.92, 7.45, 10776.00, 71.8),
(517, 28, '2023', 74.77, 12.27, 7.4, 11174.00, 71.4),
(518, 10, '2023', 74.86, 14.02, 8.34, 12019.00, 75.29),
(519, 6, '2023', 74.24, 13.97, 10.01, 13870.00, 78.44),
(520, 1, '2023', 73.29, 11.97, 5.99, 9438.00, 66.82),
(521, 23, '2023', 73.49, 12.54, 5.07, 9363.00, 66.19),
(522, 19, '2023', 73.51, 13.68, 7.15, 9420.00, 70.32),
(523, 26, '2023', 73.69, 13.58, 5.94, 9807.00, 69.13),
(524, 32, '2023', 75.74, 15.45, 10.69, 13276.00, 80.97),
(525, 31, '2023', 74.97, 14.57, 10.78, 14548.00, 80.78),
(526, 34, '2023', 75.32, 15.77, 10.94, 17222.00, 84),
(527, 37, '2023', 74.1, 13.73, 9.56, 12999.00, 76.93),
(528, 36, '2023', 74.64, 13.66, 9.78, 14250.00, 78.3),
(529, 35, '2023', 75.8, 14.04, 11.05, 14422.00, 80.9),
(530, 33, '2023', 75.4, 14.44, 11.82, 17115.00, 83.71),
(531, 38, '2023', 75.82, 14.85, 10.7, 18977.00, 83.99),
(532, 30, '2023', 75.14, 14.56, 9.85, 13603.00, 79.07),
(533, 18, '2024', 74.74, 12.69, 7.9, 10099.00, 71.49),
(534, 21, '2024', 75.28, 13.78, 7.8, 11065.00, 73.7),
(535, 27, '2024', 75.35, 12.63, 7.92, 10872.00, 72.47),
(536, 29, '2024', 75.2, 13.36, 8.68, 11966.00, 75.13),
(537, 3, '2024', 75.32, 12.67, 7.87, 12020.00, 73.44),
(538, 9, '2024', 75.07, 13.63, 8.26, 12388.00, 75.18),
(539, 14, '2024', 75.34, 13.49, 7.8, 11190.00, 73.53),
(540, 11, '2024', 74.57, 12.41, 7.27, 10124.00, 70.31),
(541, 7, '2024', 74.17, 13.5, 6.54, 10700.00, 70.93),
(542, 2, '2024', 74.13, 13.14, 7.78, 13320.00, 74.3),
(543, 5, '2024', 73.31, 13.33, 6.53, 11689.00, 71.22),
(544, 25, '2024', 73.36, 13.2, 6.93, 11216.00, 71.22),
(545, 22, '2024', 73.93, 12.64, 6.31, 12258.00, 70.85),
(546, 20, '2024', 74.61, 12.78, 7.46, 11617.00, 72.36),
(547, 24, '2024', 75.63, 15.22, 10.91, 15710.00, 82.67),
(548, 15, '2024', 74.95, 12.99, 9.13, 13903.00, 76.69),
(549, 8, '2024', 74.64, 13.61, 8.78, 12454.00, 75.67),
(550, 16, '2024', 74.64, 13.18, 8.25, 13376.00, 75.24),
(551, 12, '2024', 74.79, 13.27, 8.2, 12668.00, 74.81),
(552, 13, '2024', 75.42, 14.08, 8.69, 12915.00, 76.77),
(553, 17, '2024', 75.21, 12.89, 7.84, 12414.00, 73.91),
(554, 4, '2024', 74.91, 13.18, 7.59, 11204.00, 72.75),
(555, 28, '2024', 74.95, 12.54, 7.53, 11579.00, 72.31),
(556, 10, '2024', 75.07, 14.03, 8.48, 12419.00, 75.9),
(557, 6, '2024', 74.48, 13.98, 10.03, 14356.00, 78.93),
(558, 1, '2024', 73.43, 11.98, 6.01, 9841.00, 67.33),
(559, 23, '2024', 73.66, 12.55, 5.08, 9782.00, 66.72),
(560, 19, '2024', 73.66, 13.69, 7.17, 9811.00, 70.85),
(561, 26, '2024', 73.86, 13.59, 6.1, 10156.00, 69.78),
(562, 32, '2024', 75.94, 15.71, 10.92, 13670.00, 81.88),
(563, 31, '2024', 75.2, 14.81, 10.82, 14933.00, 81.44),
(564, 34, '2024', 75.54, 15.79, 11.14, 17791.00, 84.68),
(565, 37, '2024', 74.31, 13.98, 9.72, 13405.00, 77.79),
(566, 36, '2024', 74.86, 13.67, 9.94, 14664.00, 78.9),
(567, 35, '2024', 75.99, 14.13, 11.38, 14842.00, 81.76),
(568, 33, '2024', 75.67, 14.54, 12.11, 17518.00, 84.51),
(569, 38, '2024', 76.02, 14.87, 10.89, 19666.00, 84.69),
(570, 30, '2024', 75.36, 14.58, 9.87, 14253.00, 79.69);

-- --------------------------------------------------------

--
-- Table structure for table `parameter_klasifikasi`
--

CREATE TABLE `parameter_klasifikasi` (
  `id_parameter` int(11) NOT NULL,
  `kategori` varchar(50) NOT NULL,
  `ambang_bawah` decimal(5,2) NOT NULL,
  `ambang_atas` decimal(5,2) DEFAULT NULL,
  `warna_label` varchar(20) DEFAULT '#000000',
  `tgl_update` timestamp NOT NULL DEFAULT current_timestamp() ON UPDATE current_timestamp()
) ENGINE=InnoDB DEFAULT CHARSET=utf8mb4 COLLATE=utf8mb4_general_ci;

--
-- Dumping data for table `parameter_klasifikasi`
--

INSERT INTO `parameter_klasifikasi` (`id_parameter`, `kategori`, `ambang_bawah`, `ambang_atas`, `warna_label`, `tgl_update`) VALUES
(1, 'Sangat Tinggi', 80.00, 100.00, '#006400', '2026-05-14 23:02:49'),
(2, 'Tinggi', 70.00, 79.99, '#228B22', '2026-05-14 23:02:49'),
(3, 'Sedang', 60.00, 69.99, '#FFD700', '2026-05-14 23:02:49'),
(4, 'Rendah', 0.00, 59.99, '#FF0000', '2026-05-16 19:24:17');

-- --------------------------------------------------------

--
-- Table structure for table `riwayat_model`
--

CREATE TABLE `riwayat_model` (
  `id_model` int(11) NOT NULL,
  `id_admin` int(11) DEFAULT NULL,
  `tgl_latih` datetime DEFAULT NULL,
  `skor_mape` float DEFAULT NULL,
  `mape_train` float DEFAULT NULL,
  `skor_mae` float DEFAULT NULL,
  `mae_train` float DEFAULT NULL,
  `skor_rmse` float DEFAULT NULL,
  `rmse_train` float DEFAULT NULL,
  `file_model` varchar(100) DEFAULT NULL,
  `loss_curve` longtext DEFAULT NULL COMMENT 'Data JSON untuk grafik loss per epoch'
) ENGINE=InnoDB DEFAULT CHARSET=utf8mb4 COLLATE=utf8mb4_general_ci;

--
-- Dumping data for table `riwayat_model`
--

INSERT INTO `riwayat_model` (`id_model`, `id_admin`, `tgl_latih`, `skor_mape`, `mape_train`, `skor_mae`, `mae_train`, `skor_rmse`, `rmse_train`, `file_model`, `loss_curve`) VALUES
(1, 1, '2026-05-13 16:36:47', 0.56, 0.49, 0.4382, 0.3365, 0.5527, 0.4619, 'best_gru_model.keras', '{\"loss\": [0.4682, 0.1493, 0.0732, 0.0575, 0.0471, 0.0385, 0.0294, 0.0241, 0.0203, 0.0166, 0.016, 0.0145, 0.0136, 0.0114, 0.0104, 0.0105, 0.0093, 0.009, 0.0072, 0.006, 0.0069, 0.0063, 0.0055, 0.0058, 0.0059, 0.0048, 0.0058, 0.0048, 0.0052, 0.0048, 0.0051, 0.0051, 0.0049, 0.0041, 0.0038, 0.0041, 0.0047, 0.0039, 0.0038, 0.0045, 0.0037, 0.0033, 0.0032, 0.0035, 0.0038, 0.0027, 0.0028, 0.0026, 0.0029, 0.0025, 0.0029, 0.0027, 0.0027, 0.0028, 0.003, 0.0025, 0.0027, 0.0028, 0.0026, 0.0027, 0.0025, 0.0022, 0.0027, 0.0023, 0.0019, 0.0019, 0.0023, 0.0022, 0.002, 0.0024, 0.0022, 0.0019, 0.0019, 0.0026, 0.002, 0.0021, 0.0019, 0.0016, 0.002, 0.0018, 0.002, 0.0018, 0.0019, 0.0018, 0.0018, 0.0017, 0.0017, 0.0017, 0.0014, 0.0015, 0.0018, 0.0017, 0.0016, 0.0014, 0.0017, 0.0017, 0.0016, 0.0015, 0.0018, 0.0016, 0.0016, 0.0014, 0.0013, 0.0014, 0.0013, 0.0015, 0.0013, 0.0015, 0.0013, 0.0018, 0.0013, 0.0013, 0.0015, 0.0014, 0.0011, 0.0014, 0.0016, 0.0012, 0.0014, 0.0013, 0.0014, 0.0013, 0.0012, 0.0011, 0.0013, 0.0013, 0.0011, 0.0012, 0.0012, 0.0013, 0.0011, 0.0011, 0.0011, 0.0014, 0.0011, 0.0012, 0.0013, 0.001, 0.0012, 0.00090513, 0.00099967, 0.001, 0.00098625, 0.0012, 0.0011, 0.0013, 0.0012, 0.00092323, 0.0011, 0.0012, 0.0012, 0.001, 0.00089279, 0.0012, 0.0012, 0.0009581, 0.0009343, 0.0012, 0.0011, 0.00091457, 0.00089707, 0.0012, 0.0011, 0.0011, 0.00097829, 0.0008595, 0.00097237, 0.0011, 0.0011, 0.001, 0.001, 0.001, 0.00093519, 0.0011, 0.00096265, 0.001, 0.00091708, 0.00092409, 0.00098065, 0.001, 0.00091954, 0.00091858, 0.001, 0.00090475, 0.00094598, 0.001, 0.001, 0.0011, 0.00094949, 0.001, 0.001, 0.00078203, 0.0011, 0.00094902], \"val_loss\": [0.0363, 0.0706, 0.0738, 0.0461, 0.0126, 0.0034, 0.0109, 0.0127, 0.0121, 0.0129, 0.0157, 0.0111, 0.019, 0.0144, 0.01, 0.004, 0.0095, 0.0108, 0.0063, 0.0062, 0.0054, 0.0073, 0.0041, 0.0038, 0.0052, 0.0052, 0.0026, 0.0024, 0.0031, 0.002, 0.002, 0.0016, 0.0016, 0.0014, 0.0023, 0.0028, 0.0013, 0.0017, 0.0012, 0.0012, 0.0017, 0.0026, 0.0012, 0.0012, 0.0025, 0.0012, 0.0013, 0.0011, 0.0012, 0.0011, 0.0011, 0.0011, 0.001, 0.0012, 0.00096726, 0.0012, 0.0009936, 0.00091437, 0.0012, 0.0009183, 0.0009911, 0.00085994, 0.00082394, 0.00084815, 0.00085955, 0.00095752, 0.001, 0.00096873, 0.00084844, 0.00082325, 0.001, 0.00078449, 0.00081883, 0.00090806, 0.00087857, 0.0007258, 0.00090725, 0.0007812, 0.00081657, 0.00067793, 0.00064424, 0.0007147, 0.00063777, 0.00064309, 0.00068216, 0.00067909, 0.00075595, 0.00071601, 0.00068318, 0.00063182, 0.00065531, 0.00058351, 0.00071783, 0.00059279, 0.00059326, 0.00055697, 0.00054685, 0.00052527, 0.00056343, 0.00056614, 0.00050507, 0.00048266, 0.00051843, 0.00050067, 0.00049911, 0.00051136, 0.00050352, 0.00058001, 0.00078489, 0.00052279, 0.00045896, 0.0011, 0.00052537, 0.00050114, 0.00045711, 0.00049273, 0.00066346, 0.00047559, 0.0004732, 0.00047424, 0.00049156, 0.00044385, 0.00064946, 0.00050642, 0.00045203, 0.00042837, 0.00041429, 0.00052573, 0.00043248, 0.00049083, 0.00044393, 0.00043774, 0.00042744, 0.00045738, 0.00043095, 0.00051749, 0.00041224, 0.00042703, 0.00042525, 0.00042205, 0.00045048, 0.00042601, 0.00040713, 0.00039948, 0.00038973, 0.00044676, 0.00039705, 0.0004008, 0.0004081, 0.00042503, 0.00041015, 0.00042735, 0.00042423, 0.0004222, 0.00046499, 0.00040683, 0.00039826, 0.00042333, 0.00039438, 0.00038962, 0.00038945, 0.00038772, 0.0004624, 0.0003798, 0.000388, 0.00038335, 0.00042246, 0.00037958, 0.00037735, 0.00038168, 0.00037785, 0.00038309, 0.00038937, 0.00039525, 0.00038515, 0.00040746, 0.00040995, 0.00038373, 0.00040374, 0.00038889, 0.00038397, 0.00038282, 0.00039358, 0.00040398, 0.00040142, 0.00038564, 0.00038713, 0.00038132, 0.00038104, 0.00038427, 0.00038213, 0.00038388, 0.00038528, 0.00038774]}');

-- --------------------------------------------------------

--
-- Table structure for table `wilayah`
--

CREATE TABLE `wilayah` (
  `id_wilayah` int(11) NOT NULL,
  `nama_wilayah` varchar(100) NOT NULL,
  `deskripsi` text DEFAULT NULL,
  `url_logo` varchar(255) DEFAULT NULL,
  `url_landmark` varchar(255) DEFAULT NULL,
  `is_deleted` tinyint(1) DEFAULT 0
) ENGINE=InnoDB DEFAULT CHARSET=utf8mb4 COLLATE=utf8mb4_general_ci;

--
-- Dumping data for table `wilayah`
--

INSERT INTO `wilayah` (`id_wilayah`, `nama_wilayah`, `deskripsi`, `url_logo`, `url_landmark`, `is_deleted`) VALUES
(1, 'Kabupaten Bangkalan', NULL, NULL, NULL, 0),
(2, 'Kabupaten Banyuwangi', NULL, NULL, NULL, 0),
(3, 'Kabupaten Blitar', NULL, NULL, NULL, 0),
(4, 'Kabupaten Bojonegoro', NULL, NULL, NULL, 0),
(5, 'Kabupaten Bondowoso', NULL, NULL, NULL, 0),
(6, 'Kabupaten Gresik', NULL, NULL, NULL, 0),
(7, 'Kabupaten Jember', NULL, NULL, NULL, 0),
(8, 'Kabupaten Jombang', NULL, NULL, NULL, 0),
(9, 'Kabupaten Kediri', NULL, NULL, NULL, 0),
(10, 'Kabupaten Lamongan', NULL, NULL, NULL, 0),
(11, 'Kabupaten Lumajang', NULL, NULL, NULL, 0),
(12, 'Kabupaten Madiun', NULL, NULL, NULL, 0),
(13, 'Kabupaten Magetan', NULL, NULL, NULL, 0),
(14, 'Kabupaten Malang', NULL, NULL, NULL, 0),
(15, 'Kabupaten Mojokerto', NULL, NULL, NULL, 0),
(16, 'Kabupaten Nganjuk', NULL, NULL, NULL, 0),
(17, 'Kabupaten Ngawi', NULL, NULL, NULL, 0),
(18, 'Kabupaten Pacitan', 'Kabupaten Pacitan merupakan wilayah pesisir di ujung barat daya Jawa Timur yang memiliki posisi strategis karena berbatasan langsung dengan Samudra Hindia dan Provinsi Jawa Tengah. Dengan luas wilayah sekitar 1.389,87 km², daerah yang dihuni oleh sekitar 587,97 ribu jiwa ini didominasi oleh pegunungan karst yang merupakan bagian dari rangkaian Pegunungan Sewu. Meskipun kondisi tanahnya yang berbatu menjadi tantangan tersendiri bagi sektor pertanian, masyarakat Pacitan tetap dikenal tangguh dan mampu mengelola kekayaan alamnya yang luar biasa, terutama sektor pariwisata. Kabupaten ini sangat populer berkat keberadaan gua-gua indah seperti Gua Gong serta Gua Tabuhan yang batunya bisa berbunyi seperti gamelan, bahkan wilayah ini juga menjadi situs penting ditemukannya berbagai peninggalan manusia purba. Keunikan geografis inilah yang menjadikan Pacitan sebagai daerah dengan perpaduan nilai sejarah, keramahan penduduk, dan pesona alam yang unik di Jawa Timur.', '/static/logo_wilayah/Pacitan.png', '/static/landmark_wilayah/Pacitan.png', 0),
(19, 'Kabupaten Pamekasan', NULL, NULL, NULL, 0),
(20, 'Kabupaten Pasuruan', NULL, NULL, NULL, 0),
(21, 'Kabupaten Ponorogo', NULL, NULL, NULL, 0),
(22, 'Kabupaten Probolinggo', NULL, NULL, NULL, 0),
(23, 'Kabupaten Sampang', NULL, NULL, NULL, 0),
(24, 'Kabupaten Sidoarjo', NULL, NULL, NULL, 0),
(25, 'Kabupaten Situbondo', NULL, NULL, NULL, 0),
(26, 'Kabupaten Sumenep', NULL, NULL, NULL, 0),
(27, 'Kabupaten Trenggalek', NULL, NULL, NULL, 0),
(28, 'Kabupaten Tuban', NULL, NULL, NULL, 0),
(29, 'Kabupaten Tulungagung', NULL, NULL, NULL, 0),
(30, 'Kota Batu', NULL, NULL, NULL, 0),
(31, 'Kota Blitar', NULL, NULL, NULL, 0),
(32, 'Kota Kediri', NULL, NULL, NULL, 0),
(33, 'Kota Madiun', NULL, NULL, NULL, 0),
(34, 'Kota Malang', NULL, NULL, NULL, 0),
(35, 'Kota Mojokerto', NULL, NULL, NULL, 0),
(36, 'Kota Pasuruan', NULL, NULL, NULL, 0),
(37, 'Kota Probolinggo', NULL, NULL, NULL, 0),
(38, 'Kota Surabaya', NULL, NULL, NULL, 0),
(39, 'Kabupaten Magelang', NULL, NULL, NULL, 1);

--
-- Indexes for dumped tables
--

--
-- Indexes for table `admin`
--
ALTER TABLE `admin`
  ADD PRIMARY KEY (`id_admin`);

--
-- Indexes for table `hasil_prediksi_model`
--
ALTER TABLE `hasil_prediksi_model`
  ADD PRIMARY KEY (`id_uji`),
  ADD KEY `fk_uji_model` (`id_model`),
  ADD KEY `fk_uji_wilayah` (`id_wilayah`);

--
-- Indexes for table `hasil_uji_simulasi`
--
ALTER TABLE `hasil_uji_simulasi`
  ADD PRIMARY KEY (`id_prediksi`),
  ADD KEY `id_model` (`id_model`),
  ADD KEY `id_wilayah` (`id_wilayah`);

--
-- Indexes for table `indikator_historis`
--
ALTER TABLE `indikator_historis`
  ADD PRIMARY KEY (`id_indikator`),
  ADD UNIQUE KEY `uq_wilayah_tahun` (`id_wilayah`,`tahun`);

--
-- Indexes for table `parameter_klasifikasi`
--
ALTER TABLE `parameter_klasifikasi`
  ADD PRIMARY KEY (`id_parameter`);

--
-- Indexes for table `riwayat_model`
--
ALTER TABLE `riwayat_model`
  ADD PRIMARY KEY (`id_model`),
  ADD KEY `id_admin` (`id_admin`);

--
-- Indexes for table `wilayah`
--
ALTER TABLE `wilayah`
  ADD PRIMARY KEY (`id_wilayah`),
  ADD KEY `idx_wilayah_active` (`is_deleted`);

--
-- AUTO_INCREMENT for dumped tables
--

--
-- AUTO_INCREMENT for table `admin`
--
ALTER TABLE `admin`
  MODIFY `id_admin` int(11) NOT NULL AUTO_INCREMENT, AUTO_INCREMENT=2;

--
-- AUTO_INCREMENT for table `hasil_prediksi_model`
--
ALTER TABLE `hasil_prediksi_model`
  MODIFY `id_uji` int(11) NOT NULL AUTO_INCREMENT, AUTO_INCREMENT=39;

--
-- AUTO_INCREMENT for table `hasil_uji_simulasi`
--
ALTER TABLE `hasil_uji_simulasi`
  MODIFY `id_prediksi` int(11) NOT NULL AUTO_INCREMENT, AUTO_INCREMENT=6;

--
-- AUTO_INCREMENT for table `indikator_historis`
--
ALTER TABLE `indikator_historis`
  MODIFY `id_indikator` int(11) NOT NULL AUTO_INCREMENT, AUTO_INCREMENT=571;

--
-- AUTO_INCREMENT for table `parameter_klasifikasi`
--
ALTER TABLE `parameter_klasifikasi`
  MODIFY `id_parameter` int(11) NOT NULL AUTO_INCREMENT, AUTO_INCREMENT=7;

--
-- AUTO_INCREMENT for table `riwayat_model`
--
ALTER TABLE `riwayat_model`
  MODIFY `id_model` int(11) NOT NULL AUTO_INCREMENT, AUTO_INCREMENT=2;

--
-- AUTO_INCREMENT for table `wilayah`
--
ALTER TABLE `wilayah`
  MODIFY `id_wilayah` int(11) NOT NULL AUTO_INCREMENT, AUTO_INCREMENT=40;

--
-- Constraints for dumped tables
--

--
-- Constraints for table `hasil_prediksi_model`
--
ALTER TABLE `hasil_prediksi_model`
  ADD CONSTRAINT `fk_uji_model` FOREIGN KEY (`id_model`) REFERENCES `riwayat_model` (`id_model`),
  ADD CONSTRAINT `fk_uji_wilayah` FOREIGN KEY (`id_wilayah`) REFERENCES `wilayah` (`id_wilayah`);

--
-- Constraints for table `hasil_uji_simulasi`
--
ALTER TABLE `hasil_uji_simulasi`
  ADD CONSTRAINT `hasil_uji_simulasi_ibfk_1` FOREIGN KEY (`id_model`) REFERENCES `riwayat_model` (`id_model`),
  ADD CONSTRAINT `hasil_uji_simulasi_ibfk_2` FOREIGN KEY (`id_wilayah`) REFERENCES `wilayah` (`id_wilayah`);

--
-- Constraints for table `indikator_historis`
--
ALTER TABLE `indikator_historis`
  ADD CONSTRAINT `indikator_historis_ibfk_1` FOREIGN KEY (`id_wilayah`) REFERENCES `wilayah` (`id_wilayah`);

--
-- Constraints for table `riwayat_model`
--
ALTER TABLE `riwayat_model`
  ADD CONSTRAINT `riwayat_model_ibfk_1` FOREIGN KEY (`id_admin`) REFERENCES `admin` (`id_admin`);
COMMIT;

/*!40101 SET CHARACTER_SET_CLIENT=@OLD_CHARACTER_SET_CLIENT */;
/*!40101 SET CHARACTER_SET_RESULTS=@OLD_CHARACTER_SET_RESULTS */;
/*!40101 SET COLLATION_CONNECTION=@OLD_COLLATION_CONNECTION */;
